bits,avg_ssim,min_ssim,max_ssim
0,1.0,1.0,1.0
1,0.9999599600000001,0.999942,0.999998
2,0.9999261,0.999883,0.999997
3,0.99992459,0.999882,0.999997
4,0.99992567,0.999883,0.999998
5,0.9999247800000001,0.999884,0.999997
6,0.99992614,0.999885,0.999997
