bits,ssim_vs_baseline,avg_hamming_percent
0,1.0,0.0
1,0.9999599600000001,50.51171875
2,0.9999261,49.46484375
3,0.99992459,49.5390625
4,0.99992567,49.828125
5,0.9999247800000001,49.51953125
6,0.99992614,49.921875
